Fecha-Hora Descarga,Fecha cotización,Imagen,Estado,Empresa,Nemónico,Sector,Segmento,Moneda,Anterior,Fecha Anterior,Apertura,Última,Variación,Compra,Venta,Número Acciones,Número Operaciones,Monto Negocio
15-04-2018 15:15,12/04/2018,/images/azul1.jpg,Igual,Apple Inc.,AAPL, ,RV3,US$,172.68,09/04/2018, , , , , , , , 
15-04-2018 15:15,12/04/2018,/images/azul1.jpg,Igual,Barrick Gold Corporation,ABX, ,RV3,US$,13.08,11/04/2018, , , , , , , , 
15-04-2018 15:15,12/04/2018,/images/azul1.jpg,Igual,iShares MSCI ACWI ETF,ACWI, ,RV3,US$,72.10,11/04/2018, , , , , , , , 
15-04-2018 15:15,12/04/2018,/images/azul1.jpg,Igual,Adm. del Comercio,ADCOMEC1,DIVERSAS,RV2,S/, , , , , , ,1.00, , , 
15-04-2018 15:15,12/04/2018,/images/azul1.jpg,Igual,iSh Core US Aggregate Bond ETF,AGG, ,RV3,US$,106.60,12/03/2018, , , , , , , , 
15-04-2018 15:15,12/04/2018,/images/azul1.jpg,Igual,Agrokasa Holdings,AGROKAC1,DIVERSAS,RV2,S/,7.91,31/01/2017, , , , , , , , 
15-04-2018 15:15,12/04/2018,/images/azul1.jpg,Igual,Agroindustrias AIB,AIBC1,INDUSTRIALES,RV2,S/, , , , , , , , , , 
15-04-2018 15:15,12/04/2018,/images/flecha_roja-b.gif,A la baja,Andino Investment Hold.,AIHC1,DIVERSAS,RV1,S/,3.00,09/04/2018,2.95,2.95,-1.67,2.95,3.00,"5,000",1,"14,750"
15-04-2018 15:15,12/04/2018,/images/flecha_verde-b.gif,Al alza,Alicorp,ALICORC1,INDUSTRIALES,RV1,S/,11.19,11/04/2018,11.28,11.28,0.80,11.19,11.28,"2,056",3,"23,192"
15-04-2018 15:15,12/04/2018,/images/azul1.jpg,Igual,Alicorp,ALICORI1,INDUSTRIALES,RV2,S/,9.40,26/02/2018, , , , ,9.40, , , 
15-04-2018 15:15,12/04/2018,/images/azul1.jpg,Igual,Alturas Minerals Corp.,ALT,MINERAS,RV3,US$,0.023,23/03/2018, , , ,0.016,0.026, , , 
15-04-2018 15:15,12/04/2018,/images/azul1.jpg,Igual,Amérika Financiera,AMERFIC1,BANCOS Y FINANCIERAS,RV2,S/, , , , , , , , , , 
15-04-2018 15:15,12/04/2018,/images/azul1.jpg,Igual,Amazon,AMZN, ,RV3,US$,"1,437.00",09/04/2018, , , , , , , , 
15-04-2018 15:15,12/04/2018,/images/azul1.jpg,Igual,Andahuasi,ANDAHUC1,AGRARIO,RV1,S/,0.270,03/04/2018, , , ,0.230,0.310, , , 
15-04-2018 15:15,12/04/2018,/images/azul1.jpg,Igual,Andina de Exploraciones,ANDEXAC1,MINERAS,RV2,S/, , , , , , , , , , 
15-04-2018 15:15,12/04/2018,/images/azul1.jpg,Igual,Andina de Exploraciones,ANDEXBC1,MINERAS,RV2,S/,0.410,04/12/2017, , , , ,0.470, , , 
15-04-2018 15:15,12/04/2018,/images/azul1.jpg,Igual,Emp. Agr. San Juan,ASJUANC1,AGRARIO,RV2,S/,0.57,20/01/2017, , , , ,0.70, , , 
15-04-2018 15:15,12/04/2018,/images/azul1.jpg,Igual,Atacocha,ATACOAC1,MINERAS,RV1,S/,0.80,05/04/2018, , , , ,0.80, , , 
15-04-2018 15:15,12/04/2018,/images/flecha_roja-b.gif,A la baja,Atacocha,ATACOBC1,MINERAS,RV1,S/,0.57,11/04/2018,0.55,0.55,-3.51,0.53,0.55,"269,937",17,"148,465"
15-04-2018 15:15,12/04/2018,/images/azul1.jpg,Igual,Empresa Agricola La Unión,AUNIONC1,AGRARIO,RV2,S/, , , , , , , , , , 
15-04-2018 15:15,12/04/2018,/images/azul1.jpg,Igual,Austral Group,AUSTRAC1,INDUSTRIALES,RV2,S/,1.40,06/04/2018, , , ,1.21,1.42, , , 
15-04-2018 15:15,12/04/2018,/images/azul1.jpg,Igual,Avla Perú,AVLASGC1,SEGUROS,RV2,S/, , , , , , , , , , 
15-04-2018 15:15,12/04/2018,/images/azul1.jpg,Igual,Azzaro Trading,AZZAROC1,DIVERSAS,RV2,S/, , , , , , , , , , 
15-04-2018 15:15,12/04/2018,/images/azul1.jpg,Igual,Bank of America Corporation,BAC, ,RV3,US$,29.35,04/04/2018, , , , , , , , 
15-04-2018 15:15,12/04/2018,/images/azul1.jpg,Igual,UCP Backus & Johnston,BACKUAC1,INDUSTRIALES,RV1,S/,197.00,03/04/2018, , , , , , , , 
15-04-2018 15:15,12/04/2018,/images/azul1.jpg,Igual,UCP Backus & Johnston,BACKUBC1,INDUSTRIALES,RV1,S/,200.00,04/04/2018, , , ,200.00, , , , 
15-04-2018 15:15,12/04/2018,/images/azul1.jpg,Igual,UCP Backus & Johnston,BACKUSI1,INDUSTRIALES,RV1,S/,20.20,11/04/2018,20.20,20.20,0.00,20.10,23.00,"5,025",7,"101,504"
15-04-2018 15:15,12/04/2018,/images/azul1.jpg,Igual,Banco de Comercio,BANCOMC1,BANCOS Y FINANCIERAS,RV2,S/, , , , , , , , , , 
15-04-2018 15:15,12/04/2018,/images/azul1.jpg,Igual,Banco Falabella,BANFALC1,BANCOS Y FINANCIERAS,RV2,S/, , , , , , , , , , 
15-04-2018 15:15,12/04/2018,/images/flecha_roja-b.gif,A la baja,Credicorp Ltd.,BAP,DIVERSAS,RV3,US$,235.55,11/04/2018,232.32,233.70,-0.79, , ,"1,003",15,"234,379"
15-04-2018 15:15,12/04/2018,/images/azul1.jpg,Igual,Bayer,BAYERI1,DIVERSAS,RV2,S/,14.00,22/08/2017, , , , , , , , 
15-04-2018 15:15,12/04/2018,/images/azul1.jpg,Igual,Banco Azteca,BAZC1,BANCOS Y FINANCIERAS,RV2,S/, , , , , , , , , , 
15-04-2018 15:15,12/04/2018,/images/azul1.jpg,Igual,Bco. Bilbao Vizcaya Argentaria,BBVA, ,RV3,US$,7.72,03/04/2018, , , , , , , , 
15-04-2018 15:15,12/04/2018,/images/azul1.jpg,Igual,Banco Cencosud,BCENCOC1,BANCOS Y FINANCIERAS,RV2,S/, , , , , , , , , , 
15-04-2018 15:15,12/04/2018,/images/azul1.jpg,Igual,BanBif,BIFC1,BANCOS Y FINANCIERAS,RV2,S/, , , , , , , , , , 
15-04-2018 15:15,12/04/2018,/images/azul1.jpg,Igual,BNB Valores Perú SAB,BNBVALC1,DIVERSAS,RV2,S/,1.65,30/06/2017, , , , , , , , 
15-04-2018 15:15,12/04/2018,/images/azul1.jpg,Igual,Vanguard Total Bond Market ETF,BND, ,RV3,US$, , , , , , , , , , 
15-04-2018 15:15,12/04/2018,/images/azul1.jpg,Igual,Banco Ripley Perú,BRIPLEC1,BANCOS Y FINANCIERAS,RV2,S/, , , , , , , , , , 
15-04-2018 15:15,12/04/2018,/images/azul1.jpg,Igual,El Brocal,BROCALC1,MINERAS,RV1,S/,10.00,11/04/2018,10.00,10.00,0.00,10.00,10.80,"4,673",3,"46,730"
15-04-2018 15:15,12/04/2018,/images/azul1.jpg,Igual,El Brocal,BROCALI1,MINERAS,RV1,S/,6.00,06/04/2018, , , ,6.00,6.50, , , 
15-04-2018 15:15,12/04/2018,/images/azul1.jpg,Igual,Vanguard Short-Term Bond ETF,BSV, ,RV3,US$,78.45,12/03/2018, , , , , , , , 
15-04-2018 15:15,12/04/2018,/images/azul1.jpg,Igual,Buenaventura,BUENAVC1,MINERAS,RV3,S/,52.00,11/04/2018, , , ,53.40,54.50, , , 
15-04-2018 15:15,12/04/2018,/images/azul1.jpg,Igual,Buenaventura,BUENAVI1,MINERAS,RV1,S/,22.15,19/03/2018, , , ,18.90, , , , 
15-04-2018 15:15,12/04/2018,/images/flecha_roja-b.gif,A la baja,BVL,BVLAC1,DIVERSAS,RV1,S/,3.25,11/04/2018,3.22,3.22,-0.92,3.22,3.28,"4,789",1,"15,421"
15-04-2018 15:15,12/04/2018,/images/azul1.jpg,Igual,BVL,BVLBC1,DIVERSAS,RV2,S/,3.11,22/02/2018, , , ,3.00, , , , 
15-04-2018 15:15,12/04/2018,/images/flecha_verde-b.gif,Al alza,Buenaventura,BVN,MINERAS,RV3,US$,16.45,11/04/2018,16.30,16.57,0.73,16.36,16.57,"119,359",58,"1,977,774"
15-04-2018 15:15,12/04/2018,/images/azul1.jpg,Igual,Citigroup,C, ,RV3,US$,75.95,12/03/2018, , , , , , , , 
15-04-2018 15:15,12/04/2018,/images/azul1.jpg,Igual,BNP Paribas Cardif,CARDIFC1,SEGUROS,RV2,S/, , , , , , , , , , 
15-04-2018 15:15,12/04/2018,/images/azul1.jpg,Igual,Cartavio,CARTAVC1,AGRARIO,RV1,S/,9.49,23/03/2018, , , ,9.00,9.49, , , 
15-04-2018 15:15,12/04/2018,/images/azul1.jpg,Igual,Casa Grande,CASAGRC1,AGRARIO,RV1,S/,5.45,11/04/2018,5.45,5.45,0.00,5.45,5.60,"2,500",2,"13,625"
15-04-2018 15:15,12/04/2018,/images/azul1.jpg,Igual,Castrovirreyna - En Liq.,CASTROC1,MINERAS,RV2,S/, , , , , , ,1.00, , , 
15-04-2018 15:15,12/04/2018,/images/azul1.jpg,Igual,Castrovirreyna - En Liq.,CASTROI1,MINERAS,RV2,S/, , , , , , ,1.38, , , 
15-04-2018 15:15,12/04/2018,/images/azul1.jpg,Igual,Lima Caucho,CAUCH2C1,INDUSTRIALES,RV2,S/, , , , , ,1.85, , , , 
15-04-2018 15:15,12/04/2018,/images/azul1.jpg,Igual,Lima Caucho,CAUCHOI1,INDUSTRIALES,RV2,S/,1.45,22/11/2017, , , ,1.23,1.55, , , 
15-04-2018 15:15,12/04/2018,/images/azul1.jpg,Igual,CAVALI ICLV,CAVALIC1,DIVERSAS,RV2,S/,5.52,31/01/2018, , , , , , , , 
15-04-2018 15:15,12/04/2018,/images/azul1.jpg,Igual,Cayaltí,CAYALTC1,AGRARIO,RV2,S/,0.80,26/05/2017, , , , ,0.78, , , 
15-04-2018 15:15,12/04/2018,/images/azul1.jpg,Igual,iShVII Plc ISh$TrsryBnd 7-10yr,CBU0, ,RV3,US$,137.40,19/02/2018, , , , , , , , 
15-04-2018 15:15,12/04/2018,/images/azul1.jpg,Igual,Corporación Cerámica,CERAMII1,INDUSTRIALES,RV2,S/,1.10,04/08/2017, , , , , , , , 
15-04-2018 15:15,12/04/2018,/images/azul1.jpg,Igual,Corp. Funeraria,CFUNERC1,DIVERSAS,RV2,S/, , , , , , , , , , 
15-04-2018 15:15,12/04/2018,/images/azul1.jpg,Igual,Chiquitoy,CHIQUIC1,AGRARIO,RV2,S/, , , , , , , , , , 
15-04-2018 15:15,12/04/2018,/images/azul1.jpg,Igual,Chubb Seguros,CHUBSGC1,SEGUROS,RV2,S/, , , , , , , , , , 
15-04-2018 15:15,12/04/2018,/images/azul1.jpg,Igual,Chucarapi - Pampa Blanca,CHUCARC1,AGRARIO,RV2,S/,3.00,08/11/2017, , , ,6.00, , , , 
15-04-2018 15:15,12/04/2018,/images/azul1.jpg,Igual,Consor. Ind. Arequipa,CIAREQI1,INDUSTRIALES,RV2,S/, , , , , , , , , , 
15-04-2018 15:15,12/04/2018,/images/azul1.jpg,Igual,Cineplex,CINEPLC1,DIVERSAS,RV2,S/,3.31,20/04/2017, , , , , , , , 
15-04-2018 15:15,12/04/2018,/images/azul1.jpg,Igual,Citibank Perú,CITIBKC1,BANCOS Y FINANCIERAS,RV2,S/, , , , , , , , , , 
15-04-2018 15:15,12/04/2018,/images/azul1.jpg,Igual,Corporación Cervesur,COCESUC1,DIVERSAS,RV1,S/,7.25,05/04/2018, , , , , , , , 
15-04-2018 15:15,12/04/2018,/images/azul1.jpg,Igual,Corporación Cervesur,COCESUI1,DIVERSAS,RV1,S/,0.80,05/04/2018, , , , ,0.80, , , 
15-04-2018 15:15,12/04/2018,/images/azul1.jpg,Igual,Coface Seguro,COFACEC1,SEGUROS,RV2,S/, , , , , , , , , , 
15-04-2018 15:15,12/04/2018,/images/azul1.jpg,Igual,COFIDE,COFIDCC1,BANCOS Y FINANCIERAS,RV2,S/, , , , , , , , , , 
15-04-2018 15:15,12/04/2018,/images/azul1.jpg,Igual,Corp. Fin. Inversiones,COFIINC1,DIVERSAS,RV2,S/,2.40,20/12/2017, , , ,2.40, , , , 
15-04-2018 15:15,12/04/2018,/images/azul1.jpg,Igual,Colegios Peruanos,COLPERC1,DIVERSAS,RV2,S/,26.28,03/06/2016, , , , , , , , 
15-04-2018 15:15,12/04/2018,/images/azul1.jpg,Igual,Comercial del Acero,COMACEC1,DIVERSAS,RV2,S/, , , , , , , , , , 
15-04-2018 15:15,12/04/2018,/images/azul1.jpg,Igual,Compartamos Financiera,COMPFC1,BANCOS Y FINANCIERAS,RV2,S/, , , , , , , , , , 
15-04-2018 15:15,12/04/2018,/images/azul1.jpg,Igual,CONCESUR,CONCESI1,DIVERSAS,RV1,S/,4.11,10/04/2018, , , ,4.11, , , , 
15-04-2018 15:15,12/04/2018,/images/flecha_roja-b.gif,A la baja,BBVA Banco Continental,CONTINC1,BANCOS Y FINANCIERAS,RV1,S/,4.44,11/04/2018,4.44,4.42,-0.45,4.30,4.42,"5,407",3,"23,959"
15-04-2018 15:15,12/04/2018,/images/azul1.jpg,Igual,Corp. Aceros Arequipa,CORAREC1,INDUSTRIALES,RV1,S/,0.96,10/04/2018, , , ,0.90,0.92, , , 
15-04-2018 15:15,12/04/2018,/images/flecha_verde-b.gif,Al alza,Corp. Aceros Arequipa,CORAREI1,INDUSTRIALES,RV1,S/,0.76,11/04/2018,0.75,0.78,2.63,0.77,0.78,"110,529",10,"84,965"
15-04-2018 15:15,12/04/2018,/images/azul1.jpg,Igual,Corporación Lindley,CORLINI1,INDUSTRIALES,RV2,S/,4.31,26/01/2018, , , , , , , , 
15-04-2018 15:15,12/04/2018,/images/azul1.jpg,Igual,Cementos Pacasmayo,CPAC,INDUSTRIALES,RV3,US$,11.92,11/04/2018, , , , , , , , 
15-04-2018 15:15,12/04/2018,/images/azul1.jpg,Igual,Cementos Pacasmayo,CPACASC1,INDUSTRIALES,RV3,S/,7.95,11/04/2018,7.92,7.95,0.00,7.92,8.00,"426,435",17,"3,390,123"
15-04-2018 15:15,12/04/2018,/images/flecha_roja-b.gif,A la baja,Cementos Pacasmayo,CPACASI1,INDUSTRIALES,RV1,S/,6.65,11/04/2018,6.65,6.63,-0.30, , ,"30,000",4,"199,000"
15-04-2018 15:15,12/04/2018,/images/azul1.jpg,Igual,CRAC Los Andes,CRANDEC1,BANCOS Y FINANCIERAS,RV2,S/,1.84,22/07/2016, , , , , , , , 
15-04-2018 15:15,12/04/2018,/images/azul1.jpg,Igual,Credicorp Capital Perú,CRECAPC1,DIVERSAS,RV2,S/,2.60,12/02/2018, , , ,2.66, ,475,4,"1,259"
15-04-2018 15:15,12/04/2018,/images/azul1.jpg,Igual,Crecer Seguros,CRECERC1,SEGUROS,RV2,S/, , , , , , , , , , 
15-04-2018 15:15,12/04/2018,/images/flecha_roja-b.gif,A la baja,Banco de Crédito,CREDITC1,BANCOS Y FINANCIERAS,RV1,S/,6.80,11/04/2018,6.50,6.50,-4.41,6.50,6.79,703,1,"4,570"
15-04-2018 15:15,12/04/2018,/images/azul1.jpg,Igual,CREDITEX,CRETEXC1,INDUSTRIALES,RV2,S/,0.83,22/05/2017, , , , ,0.83, , , 
15-04-2018 15:15,12/04/2018,/images/azul1.jpg,Igual,CREDITEX,CRETEXI1,INDUSTRIALES,RV2,S/,0.290,21/04/2015, , , ,0.270, , , , 
15-04-2018 15:15,12/04/2018,/images/azul1.jpg,Igual,Cisco System,CSCO, ,RV3,US$,34.01,26/10/2017, , , , , , , , 
15-04-2018 15:15,12/04/2018,/images/azul1.jpg,Igual,Crediscotia Financiera,CSCOTIC1,BANCOS Y FINANCIERAS,RV2,S/, , , , , , , , , , 
15-04-2018 15:15,12/04/2018,/images/azul1.jpg,Igual,iSh 1-3 Year Credit Bond ETF,CSJ, ,RV3,US$,103.80,15/03/2018, , , , , , , , 
15-04-2018 15:15,12/04/2018,/images/azul1.jpg,Igual,iSh VII PlcIShCore S&P500Ucits,CSPX, ,RV3,US$,248.05,09/11/2017, , , , , , , , 
15-04-2018 15:15,12/04/2018,/images/flecha_roja-b.gif,A la baja,Cerro Verde,CVERDEC1,MINERAS,RV1,US$,28.53,11/04/2018,28.53,28.50,-0.11,28.20,29.00,"2,660",7,"75,819"
15-04-2018 15:15,12/04/2018,/images/azul1.jpg,Igual,Desarrollos S. XXI,DESXXIC1,DIVERSAS,RV2,S/, , , , , , , , , , 
15-04-2018 15:15,12/04/2018,/images/azul1.jpg,Igual,SPDR Dow Jones ETF Trust,DIA, ,RV3,US$,241.99,27/03/2018, , , , , , , , 
15-04-2018 15:15,12/04/2018,/images/azul1.jpg,Igual,Walt Disney Co.,DIS, ,RV3,US$,98.97,02/04/2018, , , , , , , , 
15-04-2018 15:15,12/04/2018,/images/azul1.jpg,Igual,Diviso Grupo Financiero,DIVIC1,DIVERSAS,RV2,S/,0.90,02/11/2017, , , , ,0.90, , , 
15-04-2018 15:15,12/04/2018,/images/azul1.jpg,Igual,Candente Copper,DNT,MINERAS,RV3,US$,0.075,06/04/2018, , , ,0.062,0.078, , , 
15-04-2018 15:15,12/04/2018,/images/azul1.jpg,Igual,Duran Ventures Inc.,DRV,MINERAS,RV3,US$,0.030,29/09/2017, , , , , , , , 
15-04-2018 15:15,12/04/2018,/images/azul1.jpg,Igual,Dunas Energía,DUNENC1,DIVERSAS,RV2,S/, , , , , , , , , , 
15-04-2018 15:15,12/04/2018,/images/azul1.jpg,Igual,WisdomTree Jpn Hedged Eqt Fund,DXJ, ,RV3,US$,56.25,11/04/2018, , , , , , , , 
15-04-2018 15:15,12/04/2018,/images/azul1.jpg,Igual,iShares MSCI Chile ETF,ECH, ,RV3,US$,52.20,20/03/2018, , , , , , , , 
15-04-2018 15:15,12/04/2018,/images/azul1.jpg,Igual,Inversiones Educa,EDUCAAC1,DIVERSAS,RV2,S/, , , , , , , , , , 
15-04-2018 15:15,12/04/2018,/images/azul1.jpg,Igual,Electro Dunas,EDUNASC1,SERVICIOS PUBLICOS,RV2,S/,1.28,15/12/2016, , , , , , , , 
15-04-2018 15:15,12/04/2018,/images/flecha_roja-b.gif,A la baja,iShares MSCI Emerging Mkts ETF,EEM, ,RV3,US$,48.18,11/04/2018,47.90,47.90,-0.58, , ,"1,500",1,"71,850"
15-04-2018 15:15,12/04/2018,/images/flecha_roja-b.gif,A la baja,iShares MSCI EAFE ETF,EFA, ,RV3,US$,70.79,10/04/2018,70.50,70.50,-0.41, , ,460,1,"32,430"
15-04-2018 15:15,12/04/2018,/images/azul1.jpg,Igual,Financiera Efectiva,EFECTIC1,BANCOS Y FINANCIERAS,RV2,S/, , , , , , , , , , 
15-04-2018 15:15,12/04/2018,/images/azul1.jpg,Igual,Enel Generación Piura,EGEPIBC1,SERVICIOS PUBLICOS,RV2,S/,6.50,25/01/2018, , , ,6.50,7.00, , , 
15-04-2018 15:15,12/04/2018,/images/azul1.jpg,Igual,EGESUR,EGESUBC1,SERVICIOS PUBLICOS,RV2,S/, , , , , , , , , , 
15-04-2018 15:15,12/04/2018,/images/azul1.jpg,Igual,Editora El Comercio,ELCOMEI1,INDUSTRIALES,RV1,S/,1.74,26/03/2018, , , , , , , , 
15-04-2018 15:15,12/04/2018,/images/azul1.jpg,Igual,Electroperú,ELECPBC1,SERVICIOS PUBLICOS,RV2,S/, , , , , , , , , , 
15-04-2018 15:15,12/04/2018,/images/azul1.jpg,Igual,Electrosur,ELESUDC1,SERVICIOS PUBLICOS,RV2,S/, , , , , , , , , , 
15-04-2018 15:15,12/04/2018,/images/azul1.jpg,Igual,iSh JP Mor USD Em Mkt Bond ETF,EMB, ,RV3,US$,114.20,05/02/2018, , , , , , , , 
15-04-2018 15:15,12/04/2018,/images/azul1.jpg,Igual,SPDR Emerging Markets Corp Bnd,EMCO, ,RV3,US$,101.30,17/11/2017, , , , , , , , 
15-04-2018 15:15,12/04/2018,/images/azul1.jpg,Igual,iShares $ EM Corp Bond UCITS,EMCR, ,RV3,US$,102.30,15/02/2018, , , , , , , , 
15-04-2018 15:15,12/04/2018,/images/azul1.jpg,Igual,Enel Distribución Perú,ENDISPC1,SERVICIOS PUBLICOS,RV1,S/,5.70,04/04/2018, , , ,5.75,6.00, , , 
15-04-2018 15:15,12/04/2018,/images/azul1.jpg,Igual,Enfoca Serv. Logisticos,ENFOSLC1,DIVERSAS,RV2,S/,3.36,27/12/2017, , , , , , , , 
15-04-2018 15:15,12/04/2018,/images/flecha_roja-b.gif,A la baja,Enel Generación Perú,ENGEPEC1,SERVICIOS PUBLICOS,RV1,S/,1.82,10/04/2018,1.77,1.77,-2.75,1.77,1.85,"50,799",10,"89,914"
15-04-2018 15:15,12/04/2018,/images/flecha_roja-b.gif,A la baja,ENGIE Energía Perú,ENGIEC1,SERVICIOS PUBLICOS,RV1,S/,6.80,11/04/2018,6.70,6.70,-1.47,6.50,6.70,"6,600",3,"44,280"
15-04-2018 15:15,12/04/2018,/images/azul1.jpg,Igual,Energía del Pacífico,ENPACIC1,DIVERSAS,RV1,S/,1.45,20/03/2018, , , ,1.47, , , , 
15-04-2018 15:15,12/04/2018,/images/azul1.jpg,Igual,Energía del Pacífico,ENPACII1,DIVERSAS,RV2,S/,1.50,08/01/2018, , , ,1.45, , , , 
15-04-2018 15:15,12/04/2018,/images/azul1.jpg,Igual,Industrias del Envase,ENVASEC1,INDUSTRIALES,RV2,S/, , , , , , , , , , 
15-04-2018 15:15,12/04/2018,/images/azul1.jpg,Igual,Industrias del Envase,ENVASEI1,INDUSTRIALES,RV2,S/,0.79,27/09/2017, , , , ,0.72, , , 
15-04-2018 15:15,12/04/2018,/images/azul1.jpg,Igual,iShares MSCI All Peru Capp ETF,EPU, ,RV3,US$,43.70,11/04/2018, , , , , , , , 
15-04-2018 15:15,12/04/2018,/images/azul1.jpg,Igual,Electro Puno,EPUNOBC1,SERVICIOS PUBLICOS,RV2,S/, , , , , , , , , , 
15-04-2018 15:15,12/04/2018,/images/azul1.jpg,Igual,Electro Sur Este,ESUREBC1,SERVICIOS PUBLICOS,RV2,S/,0.72,06/12/2017, , , , , , , , 
15-04-2018 15:15,12/04/2018,/images/azul1.jpg,Igual,Fab. Peruana Eternit,ETERNII1,INDUSTRIALES,RV1,S/,3.19,28/03/2018, , , , , , , , 
15-04-2018 15:15,12/04/2018,/images/azul1.jpg,Igual,Etna,ETNAI1,INDUSTRIALES,RV2,S/,1.72,09/02/2018, , , , , , , , 
15-04-2018 15:15,12/04/2018,/images/azul1.jpg,Igual,iSh MSCI Europe Financials ETF,EUFN, ,RV3,US$,23.55,11/04/2018, , , , , , , , 
15-04-2018 15:15,12/04/2018,/images/azul1.jpg,Igual,iShares MSCI Germany ETF,EWG, ,RV3,US$,34.55,12/01/2018, , , , , , , , 
15-04-2018 15:15,12/04/2018,/images/azul1.jpg,Igual,iShares MSCI Japan ETF,EWJ, ,RV3,US$,60.73,11/04/2018, , , , , , , , 
15-04-2018 15:15,12/04/2018,/images/azul1.jpg,Igual,iShares MSCI UK ETF,EWU, ,RV3,US$,34.66,18/09/2017, , , , , , , , 
15-04-2018 15:15,12/04/2018,/images/azul1.jpg,Igual,iShares MSCI Brazil Capped ETF,EWZ, ,RV3,US$,45.45,01/03/2018, , , , , , , , 
15-04-2018 15:15,12/04/2018,/images/azul1.jpg,Igual,Pesquera Exalmar,EXALMC1,INDUSTRIALES,RV2,S/,1.04,10/04/2018, , , ,0.95,1.04, , , 
15-04-2018 15:15,12/04/2018,/images/azul1.jpg,Igual,EXSA,EXSAC1,INDUSTRIALES,RV1,S/,0.96,22/03/2018, , , ,0.95, , , , 
15-04-2018 15:15,12/04/2018,/images/azul1.jpg,Igual,EXSA,EXSAI1,INDUSTRIALES,RV1,S/,1.03,08/03/2018, , , , ,1.10, , , 
15-04-2018 15:15,12/04/2018,/images/azul1.jpg,Igual,Falabella,FALABEC1,DIVERSAS,RV1,S/,2.71,06/04/2018, , , , ,2.71, , , 
15-04-2018 15:15,12/04/2018,/images/azul1.jpg,Igual,Fanupe Vichayal,FANUPEC1,AGRARIO,RV2,S/, , , , , , , , , , 
15-04-2018 15:15,12/04/2018,/images/azul1.jpg,Igual,Facebook Inc.,FB, ,RV3,US$,160.80,06/04/2018, , , ,165.00, , , , 
15-04-2018 15:15,12/04/2018,/images/azul1.jpg,Igual,Financiera Confianza,FCONFIC1,BANCOS Y FINANCIERAS,RV2,S/,91.09,20/12/2017, , , , , , , , 
15-04-2018 15:15,12/04/2018,/images/azul1.jpg,Igual,Financiera Credinka,FCREDIC1,BANCOS Y FINANCIERAS,RV2,S/,2.00,09/02/2017, , , , , , , , 
15-04-2018 15:15,12/04/2018,/images/azul1.jpg,Igual,Freeport-McMoran Inc.,FCX, ,RV3,US$,19.62,16/01/2018, , , , , , , , 
15-04-2018 15:15,12/04/2018,/images/azul1.jpg,Igual,Ferreycorp,FERREYC1,DIVERSAS,RV1,S/,2.55,11/04/2018,2.55,2.55,0.00,2.53,2.56,"153,606",11,"391,695"
15-04-2018 15:15,12/04/2018,/images/flecha_verde-b.gif,Al alza,SPDR Euro Stoxx 50 ETF,FEZ, ,RV3,US$,41.20,11/04/2018,41.13,41.43,0.56, , ,"1,717",2,"70,979"
15-04-2018 15:15,12/04/2018,/images/azul1.jpg,Igual,Coril ICMP1,FICOCMP1,FONDOS DE INVERSION,RV1,US$,261.53,11/04/2018, , , , , , , , 
15-04-2018 15:15,12/04/2018,/images/azul1.jpg,Igual,Coril ICMP2,FICOCMP2,FONDOS DE INVERSION,RV1,US$,263.03,09/04/2018, , , , , , , , 
15-04-2018 15:15,12/04/2018,/images/azul1.jpg,Igual,Coril ICMP4,FICOCMP4,FONDOS DE INVERSION,RV2,US$,125.63,19/09/2017, , , , , , , , 
15-04-2018 15:15,12/04/2018,/images/azul1.jpg,Igual,Coril IF5,FICOIF5,FONDOS DE INVERSION,RV1,US$,2.59,09/04/2018, , , , , , , , 
15-04-2018 15:15,12/04/2018,/images/azul1.jpg,Igual,Coril IF7,FICOIF7,FONDOS DE INVERSION,RV1,US$,233.04,11/04/2018, , , , , , , , 
15-04-2018 15:15,12/04/2018,/images/azul1.jpg,Igual,FI Multirenta Inmobil.,FIIMRENT,FONDOS DE INVERSION,RV2,US$,0.74,11/07/2016, , , , , , , , 
15-04-2018 15:15,12/04/2018,/images/azul1.jpg,Igual,Filamentos Industriales,FILAMEI1,DIVERSAS,RV2,S/,0.68,16/06/2017, , , ,0.70, , , , 
15-04-2018 15:15,12/04/2018,/images/azul1.jpg,Igual,LXG ARF,FILXGARF,FONDOS DE INVERSION,RV2,US$,21.00,20/03/2017, , , , , , , , 
15-04-2018 15:15,12/04/2018,/images/azul1.jpg,Igual,Banco Financiero,FINANCC1,BANCOS Y FINANCIERAS,RV2,S/,0.490,07/02/2018, , , ,0.435,0.485, , , 
15-04-2018 15:15,12/04/2018,/images/azul1.jpg,Igual,Banco Financiero,FINANPC1,BANCOS Y FINANCIERAS,RV1,S/,0.57,10/04/2018, , , ,0.55,0.65, , , 
15-04-2018 15:15,12/04/2018,/images/azul1.jpg,Igual,Financiera OH,FINOHC1,BANCOS Y FINANCIERAS,RV2,S/, , , , , , , , , , 
15-04-2018 15:15,12/04/2018,/images/azul1.jpg,Igual,Financiera TFC,FINTFCC1,BANCOS Y FINANCIERAS,RV2,S/, , , , , , , , , , 
15-04-2018 15:15,12/04/2018,/images/azul1.jpg,Igual,Financiera TFC,FINTFCC2,BANCOS Y FINANCIERAS,RV2,S/, , , , , , , , , , 
15-04-2018 15:15,12/04/2018,/images/azul1.jpg,Igual,Fosfatos del Pacífico,FOSPACC1,MINERAS,RV2,S/, , , , , , , , , , 
15-04-2018 15:15,12/04/2018,/images/azul1.jpg,Igual,Fossal,FOSSALC1,DIVERSAS,RV1,S/,0.146,02/04/2018, , , ,0.150,0.168,"2,672",1,401
15-04-2018 15:15,12/04/2018,/images/azul1.jpg,Igual,Fossal,FOSSALI1,DIVERSAS,RV2,S/, , , , , , , , , , 
15-04-2018 15:15,12/04/2018,/images/azul1.jpg,Igual,Financiera Proempresa,FPROEMC1,BANCOS Y FINANCIERAS,RV2,S/,12.26,01/09/2016, , , , , , , , 
15-04-2018 15:15,12/04/2018,/images/azul1.jpg,Igual,Financiera Proempresa,FPROEMP1,BANCOS Y FINANCIERAS,RV2,S/, , , , , , , , , , 
15-04-2018 15:15,12/04/2018,/images/azul1.jpg,Igual,Factoring Total,FTOTALC1,DIVERSAS,RV2,S/, , , , , , , , , , 
15-04-2018 15:15,12/04/2018,/images/azul1.jpg,Igual,Futura Cons. Inmobiliario,FUTURAC1,DIVERSAS,RV2,S/,1.71,18/01/2018, , , , , , , , 
15-04-2018 15:15,12/04/2018,/images/azul1.jpg,Igual,Futura Cons. Inmobiliario,FUTURAI1,DIVERSAS,RV2,S/,1.44,24/01/2018, , , , ,1.45, , , 
15-04-2018 15:15,12/04/2018,/images/azul1.jpg,Igual,iShares China Large - Cap ETF,FXI, ,RV3,US$,47.65,14/02/2018, , , , , , , , 
15-04-2018 15:15,12/04/2018,/images/azul1.jpg,Igual,Emp. Ag. Gan. Salamanca,GANSALC1,AGRARIO,RV2,S/, , , , , , , , , , 
15-04-2018 15:15,12/04/2018,/images/azul1.jpg,Igual,VanEck Vectors Gold Miners ETF,GDX, ,RV3,US$,22.67,11/04/2018, , , , , , , , 
15-04-2018 15:15,12/04/2018,/images/azul1.jpg,Igual,VanEck Vect Jr Gold Miners ETF,GDXJ, ,RV3,US$,33.37,11/04/2018, , , , , , , , 
15-04-2018 15:15,12/04/2018,/images/azul1.jpg,Igual,SPDR Gold Trust SPDR Gold Sh,GLD, ,RV3,US$,128.35,26/03/2018, , , , , , , , 
15-04-2018 15:15,12/04/2018,/images/azul1.jpg,Igual,Globokas Peru,GLOBOKC1,DIVERSAS,RV2,S/, , , , , , , , , , 
15-04-2018 15:15,12/04/2018,/images/azul1.jpg,Igual,Leche Gloria,GLORIAI1,INDUSTRIALES,RV1,S/,7.00,10/04/2018,7.00,7.00,0.00,6.70, ,"10,000",2,"70,000"
15-04-2018 15:15,12/04/2018,/images/azul1.jpg,Igual,Banco GNB Perú,GNBC1,BANCOS Y FINANCIERAS,RV2,S/, , , , , , , , , , 
15-04-2018 15:15,12/04/2018,/images/azul1.jpg,Igual,Cía. Goodyear,GOODYEI1,INDUSTRIALES,RV1,S/,3.13,11/01/2018, , , , , , , , 
15-04-2018 15:15,12/04/2018,/images/flecha_verde-b.gif,Al alza,Graña y Montero,GRAMONC1,DIVERSAS,RV3,S/,2.08,11/04/2018,2.09,2.16,3.85,2.16,2.25,"180,239",31,"382,969"
15-04-2018 15:15,12/04/2018,/images/azul1.jpg,Igual,GR Holding,GRHOLDC1,DIVERSAS,RV2,S/,0.67,21/04/2017, , , ,0.76, , , , 
15-04-2018 15:15,12/04/2018,/images/azul1.jpg,Igual,AFP Habitat,HABITAC1,ADMINISTRADORAS DE FONDOS DE PENSIONES,RV2,S/, , , , , , , , , , 
15-04-2018 15:15,12/04/2018,/images/azul1.jpg,Igual,HudBay Mineral Inc.,HBM, ,RV3,US$,7.45,10/04/2018, , , ,6.90,7.30, , , 
15-04-2018 15:15,12/04/2018,/images/azul1.jpg,Igual,HDI Seguros,HDISEGC1,SEGUROS,RV2,S/,0.240,25/04/2016, , , , , , , , 
15-04-2018 15:15,12/04/2018,/images/azul1.jpg,Igual,iShares Core High Dividend ETF,HDV, ,RV3,US$,85.50,07/11/2017, , , , , , , , 
15-04-2018 15:15,12/04/2018,/images/azul1.jpg,Igual,Hermes Transp. Blindados,HERMESC1,DIVERSAS,RV2,S/, , , , , , , , , , 
15-04-2018 15:15,12/04/2018,/images/azul1.jpg,Igual,iShares Ccy Hedg MSCI Germ ETF,HEWG, ,RV3,US$,30.05,22/01/2018, , , , , , , , 
15-04-2018 15:15,12/04/2018,/images/azul1.jpg,Igual,iSh Curr Hedged MSCI Euroz ETF,HEZU, ,RV3,US$,29.90,16/02/2018, , , , , , , , 
15-04-2018 15:15,12/04/2018,/images/azul1.jpg,Igual,Hidrandina,HIDRA2C1,SERVICIOS PUBLICOS,RV1,S/,1.25,04/04/2018, , , ,1.27,1.33,"2,000",1,"2,660"
15-04-2018 15:15,12/04/2018,/images/azul1.jpg,Igual,Hidrostal,HIDROSI1,INDUSTRIALES,RV2,S/,0.250,07/03/2017, , , , , , , , 
15-04-2018 15:15,12/04/2018,/images/azul1.jpg,Igual,Hipotecaria Sura EAH,HPSURAC1,DIVERSAS,RV2,S/,0.81,02/11/2017, , , , , , , , 
15-04-2018 15:15,12/04/2018,/images/azul1.jpg,Igual,iSh iBoxx$ H Yld Corp Bond ETF,HYG, ,RV3,US$,85.82,16/03/2018, , , , , , , , 
15-04-2018 15:15,12/04/2018,/images/flecha_verde-b.gif,Al alza,iShares US Regional Banks ETF,IAT, ,RV3,US$,47.83,24/10/2017,51.33,51.33,7.32, , ,100,1,"5,133"
15-04-2018 15:15,12/04/2018,/images/azul1.jpg,Igual,iShares Gold Trust,IAU, ,RV3,US$, , , , , , , , , , 
15-04-2018 15:15,12/04/2018,/images/azul1.jpg,Igual,iShares Nasdaq Biotech ETF,IBB, ,RV3,US$,111.20,17/01/2018, , , , , , , , 
15-04-2018 15:15,12/04/2018,/images/azul1.jpg,Igual,International Bussines Machine,IBM, ,RV3,US$,163.52,12/01/2018, , , , , , , , 
15-04-2018 15:15,12/04/2018,/images/azul1.jpg,Igual,ICBC Perú Bank,ICBCC1,BANCOS Y FINANCIERAS,RV2,S/, , , , , , , , , , 
15-04-2018 15:15,12/04/2018,/images/azul1.jpg,Igual,iSh 7-10Year Treasury Bond ETF,IEF, ,RV3,US$, , , , , , , , , , 
15-04-2018 15:15,12/04/2018,/images/azul1.jpg,Igual,IEQSA,IEQSAI1,INDUSTRIALES,RV2,S/,0.60,09/01/2018, , , ,0.200, , , , 
15-04-2018 15:15,12/04/2018,/images/flecha_verde-b.gif,Al alza,Intercorp Financial Serv.,IFS,DIVERSAS,RV1,US$,41.00,11/04/2018,41.00,41.01,0.02,41.03, ,"8,482",8,"347,787"
15-04-2018 15:15,12/04/2018,/images/azul1.jpg,Igual,iShII Plc Is $HY CorpBnd Ucits,IHYA, ,RV3,US$,5.19,13/03/2018, , , , , , , , 
15-04-2018 15:15,12/04/2018,/images/azul1.jpg,Igual,Inmobiliaria IDE,IIDEC1,DIVERSAS,RV2,S/, , , , , , , , , , 
15-04-2018 15:15,12/04/2018,/images/azul1.jpg,Igual,Inmobiliaria IDE,IIDEI1,DIVERSAS,RV2,S/,0.63,26/09/2017, , , , ,0.63, , , 
15-04-2018 15:15,12/04/2018,/images/azul1.jpg,Igual,iShares Core S&P Mid-Cap ETF,IJH, ,RV3,US$,198.90,26/01/2018, , , , , , , , 
15-04-2018 15:15,12/04/2018,/images/azul1.jpg,Igual,iShares MSCI India ETF,INDA, ,RV3,US$,34.90,11/04/2018, , , , , , , , 
15-04-2018 15:15,12/04/2018,/images/azul1.jpg,Igual,Indeco,INDECOI1,INDUSTRIALES,RV1,S/,2.65,08/03/2018, , , ,2.50,3.00, , , 
15-04-2018 15:15,12/04/2018,/images/azul1.jpg,Igual,El Ingenio,INGENIC1,AGRARIO,RV1,S/,4.00,03/04/2018, , , , , , , , 
15-04-2018 15:15,12/04/2018,/images/azul1.jpg,Igual,InRetail Perú Corp.,INRETC1,DIVERSAS,RV1,US$,22.50,11/04/2018,22.50,22.50,0.00,22.49,22.70,"6,000",6,"135,000"
15-04-2018 15:15,12/04/2018,/images/azul1.jpg,Igual,Insur Cia. de Seg.,INSURC1,SEGUROS,RV2,S/, , , , , , , , , , 
15-04-2018 15:15,12/04/2018,/images/azul1.jpg,Igual,Intercorp Peru (ant. IFH),INTCOBC1,DIVERSAS,RV2,US$, , , , , , , , , , 
15-04-2018 15:15,12/04/2018,/images/azul1.jpg,Igual,A.F.P. Integra,INTEGRC1,ADMINISTRADORAS DE FONDOS DE PENSIONES,RV2,S/, , , , , , , , , , 
15-04-2018 15:15,12/04/2018,/images/azul1.jpg,Igual,INTERBANK,INTERBC1,BANCOS Y FINANCIERAS,RV1,S/,4.38,04/04/2018, , , ,4.41, , , , 
15-04-2018 15:15,12/04/2018,/images/azul1.jpg,Igual,Intradevco Industrial,INTINDI1,INDUSTRIALES,RV2,S/,1.22,18/01/2018, , , , ,2.80, , , 
15-04-2018 15:15,12/04/2018,/images/azul1.jpg,Igual,Intralot de Peru,INTLOTC1,DIVERSAS,RV2,S/,3.81,23/11/2016, , , , , , , , 
15-04-2018 15:15,12/04/2018,/images/azul1.jpg,Igual,Interseguro,INTSEGC1,SEGUROS,RV2,S/, , , , , , , , , , 
15-04-2018 15:15,12/04/2018,/images/azul1.jpg,Igual,INTURSA,INTURSC1,DIVERSAS,RV2,S/,4.00,17/11/2017, , , ,4.15, , , , 
15-04-2018 15:15,12/04/2018,/images/azul1.jpg,Igual,Inv. Centenario,INVCENC1,DIVERSAS,RV1,S/,3.61,11/04/2018, , , ,3.61,3.74, , , 
15-04-2018 15:15,12/04/2018,/images/azul1.jpg,Igual,INVERTUR,INVERTC1,DIVERSAS,RV2,S/, , , , , , , , , , 
15-04-2018 15:15,12/04/2018,/images/azul1.jpg,Igual,IPSA,IPSAC1,DIVERSAS,RV2,S/, , , , , , , , , , 
15-04-2018 15:15,12/04/2018,/images/azul1.jpg,Igual,iSh US Aggregate Bd UCITS ETF,IUAG, ,RV3,US$,105.28,24/08/2017, , , , , , , , 
15-04-2018 15:15,12/04/2018,/images/azul1.jpg,Igual,iShares S&P 500 Value ETF,IVE, ,RV3,US$, , , , , , , , , , 
15-04-2018 15:15,12/04/2018,/images/azul1.jpg,Igual,iShares Core S&P 500 ETF,IVV, ,RV3,US$,265.60,11/04/2018, , , , , , , , 
15-04-2018 15:15,12/04/2018,/images/azul1.jpg,Igual,iShares Russell 2000 ETF,IWM, ,RV3,US$,153.80,11/04/2018, , , , , , , , 
15-04-2018 15:15,12/04/2018,/images/azul1.jpg,Igual,iShares Global Energy ETF,IXC, ,RV3,US$, , , , , , , , , , 
15-04-2018 15:15,12/04/2018,/images/azul1.jpg,Igual,iShares U.S. Energy ETF,IYE, ,RV3,US$, , , , , , , , , , 
15-04-2018 15:15,12/04/2018,/images/azul1.jpg,Igual,iShares US Real Estate ETF,IYR, ,RV3,US$,76.75,27/03/2018, , , , , , , , 
15-04-2018 15:15,12/04/2018,/images/azul1.jpg,Igual,Johnson & Johnson,JNJ, ,RV3,US$,140.80,17/10/2017, , , , , , , , 
15-04-2018 15:15,12/04/2018,/images/azul1.jpg,Igual,SPDR Barclays High Yld Bnd ETF,JNK, ,RV3,US$, , , , , , , , , , 
15-04-2018 15:15,12/04/2018,/images/azul1.jpg,Igual,iShII PlcIs JPM$EmBndUcits ETF,JPEA, ,RV3,US$,5.28,15/02/2018, , , , , , , , 
15-04-2018 15:15,12/04/2018,/images/azul1.jpg,Igual,JP Morgan Bco. de Inv.,JPMORGC1,DIVERSAS,RV2,S/, , , , , , , , , , 
15-04-2018 15:15,12/04/2018,/images/azul1.jpg,Igual,Karmin Exploration,KAR,MINERAS,RV3,US$,0.88,13/11/2017, , , , , , , , 
15-04-2018 15:15,12/04/2018,/images/azul1.jpg,Igual,Coca Cola Co.,KO, ,RV3,US$,43.26,26/08/2016, , , , , , , , 
15-04-2018 15:15,12/04/2018,/images/azul1.jpg,Igual,Laive,LAIVEBC1,INDUSTRIALES,RV2,S/,0.83,15/07/2016, , , , , , , , 
15-04-2018 15:15,12/04/2018,/images/azul1.jpg,Igual,Laredo,LAREDOC1,AGRARIO,RV1,S/,18.95,27/03/2018, , , , , , , , 
15-04-2018 15:15,12/04/2018,/images/azul1.jpg,Igual,Inversiones La Rioja,LARIOJC1,DIVERSAS,RV2,S/,6.94,30/10/2017, , , , , , , , 
15-04-2018 15:15,12/04/2018,/images/azul1.jpg,Igual,Latina Holding,LATHOLC1,DIVERSAS,RV2,S/, , , , , , , , , , 
15-04-2018 15:15,12/04/2018,/images/azul1.jpg,Igual,Liberty Seguros,LIBSEGC1,SEGUROS,RV2,S/, , , , , , , , , , 
15-04-2018 15:15,12/04/2018,/images/azul1.jpg,Igual,Lima Gas,LIMGASC1,DIVERSAS,RV2,S/, , , , , , , , , , 
15-04-2018 15:15,12/04/2018,/images/azul1.jpg,Igual,Leasing Perú En Liquid.,LPERUC1,DIVERSAS,RV2,S/, , , , , , , , , , 
15-04-2018 15:15,12/04/2018,/images/azul1.jpg,Igual,iSh Plc iSh$Corp Bnd Ucits ETF,LQDA, ,RV3,US$,5.20,15/02/2018, , , , , , , , 
15-04-2018 15:15,12/04/2018,/images/azul1.jpg,Igual,Leasing Total,LTOTALC1,DIVERSAS,RV2,S/, , , , , , , , , , 
15-04-2018 15:15,12/04/2018,/images/azul1.jpg,Igual,Santa Luisa,LUISAI1,MINERAS,RV1,S/,220.00,10/04/2018, , , ,201.00,220.00, , , 
15-04-2018 15:15,12/04/2018,/images/azul1.jpg,Igual,Luz del Sur,LUSURC1,SERVICIOS PUBLICOS,RV1,S/,12.10,11/04/2018,12.10,12.10,0.00,12.01, ,"2,936",3,"35,526"
15-04-2018 15:15,12/04/2018,/images/azul1.jpg,Igual,Mapfre Perú,MAPFREC1,SEGUROS,RV2,S/,0.99,10/01/2018, , , , , , , , 
15-04-2018 15:15,12/04/2018,/images/azul1.jpg,Igual,Mapfre Perú Vida,MAPVIDC1,SEGUROS,RV2,S/,3.12,11/08/2017,4.10,4.10,0.00,4.01, ,"167,180",4,"685,438"
15-04-2018 15:15,12/04/2018,/images/azul1.jpg,Igual,MEPSA,MEPSAI1,INDUSTRIALES,RV2,S/,2.10,17/01/2018, , , , , , , , 
15-04-2018 15:15,12/04/2018,/images/azul1.jpg,Igual,Mibanco,MIBANC1,BANCOS Y FINANCIERAS,RV2,S/,2.27,20/10/2016, , , , , , , , 
15-04-2018 15:15,12/04/2018,/images/flecha_verde-b.gif,Al alza,Michell y Cía.,MICHEI1,INDUSTRIALES,RV2,S/,3.00,10/04/2018,3.10,3.10,3.33,3.10,3.20,"4,000",1,"12,400"
15-04-2018 15:15,12/04/2018,/images/azul1.jpg,Igual,Inmob. Milenia,MILENIC1,DIVERSAS,RV2,S/, , , , , , , , , , 
15-04-2018 15:15,12/04/2018,/images/flecha_roja-b.gif,A la baja,Milpo,MILPOC1,MINERAS,RV1,S/,5.10,11/04/2018,5.10,5.00,-1.96,4.85,5.05,"5,990",12,"30,239"
15-04-2018 15:15,12/04/2018,/images/azul1.jpg,Igual,Milpo,MILPOI1,MINERAS,RV1,S/,3.10,06/04/2018, , , , , , , , 
15-04-2018 15:15,12/04/2018,/images/azul1.jpg,Igual,Minera Corona,MINCORC1,MINERAS,RV1,S/,26.73,20/03/2018, , , , , , , , 
15-04-2018 15:15,12/04/2018,/images/azul1.jpg,Igual,Minera Corona,MINCORI1,MINERAS,RV1,S/,25.70,04/04/2018, , , ,24.00,27.00, , , 
15-04-2018 15:15,12/04/2018,/images/azul1.jpg,Igual,Minsur,MINSURI1,MINERAS,RV1,S/,1.68,11/04/2018, , , ,1.67,1.70, , , 
15-04-2018 15:15,12/04/2018,/images/flecha_verde-b.gif,Al alza,Minera IRL,MIRL,MINERAS,RV1,US$,0.062,10/04/2018,0.065,0.065,4.84,0.063,0.070,"50,000",1,"3,250"
15-04-2018 15:15,12/04/2018,/images/azul1.jpg,Igual,Mitsui Auto Finance Perú,MITSUFC1,BANCOS Y FINANCIERAS,RV2,S/, , , , , , , , , , 
15-04-2018 15:15,12/04/2018,/images/azul1.jpg,Igual,Motores Diesel,MODIANI1,INDUSTRIALES,RV2,S/,9.50,25/01/2018, , , ,8.96,9.50, , , 
15-04-2018 15:15,12/04/2018,/images/azul1.jpg,Igual,Morococha,MOROCOC1,MINERAS,RV2,S/,3.20,10/04/2018, , , ,3.20, , , , 
15-04-2018 15:15,12/04/2018,/images/azul1.jpg,Igual,Morococha,MOROCOI1,MINERAS,RV1,S/,3.23,11/04/2018, , , ,3.05,3.36, , , 
15-04-2018 15:15,12/04/2018,/images/azul1.jpg,Igual,Nisa Asset Management,NASSETC1,DIVERSAS,RV2,S/, , , , , , , , , , 
15-04-2018 15:15,12/04/2018,/images/azul1.jpg,Igual,Nisa Blindados,NBLINC1,DIVERSAS,RV2,S/, , , , , , , , , , 
15-04-2018 15:15,12/04/2018,/images/azul1.jpg,Igual,Neg. e Inmuebles,NEGOCIC1,DIVERSAS,RV2,S/,2.17,22/11/2017, , , , , , , , 
15-04-2018 15:15,12/04/2018,/images/azul1.jpg,Igual,Newmont Mining Corporation,NEM, ,RV3,US$,36.00,25/07/2017, , , , , , , , 
15-04-2018 15:15,12/04/2018,/images/azul1.jpg,Igual,Nessus Hoteles,NESSUSC1,DIVERSAS,RV2,S/, , , , , , , , , , 
15-04-2018 15:15,12/04/2018,/images/azul1.jpg,Igual,Nisa Inmuebles,NISAINC1,DIVERSAS,RV2,S/, , , , , , , , , , 
15-04-2018 15:15,12/04/2018,/images/azul1.jpg,Igual,Nisa Malls,NMALLSC1,DIVERSAS,RV2,S/, , , , , , , , , , 
15-04-2018 15:15,12/04/2018,/images/azul1.jpg,Igual,NORVIAL,NORVIBC1,DIVERSAS,RV2,S/, , , , , , , , , , 
15-04-2018 15:15,12/04/2018,/images/azul1.jpg,Igual,OHIO,OHIOC1,SEGUROS,RV2,S/, , , , , , , , , , 
15-04-2018 15:15,12/04/2018,/images/azul1.jpg,Igual,OHIO,OHIOC2,SEGUROS,RV2,S/, , , , , , , , , , 
15-04-2018 15:15,12/04/2018,/images/azul1.jpg,Igual,Pacífico Seg. y Reaseg.,PACIFIC1,SEGUROS,RV2,S/, , , , , , , , , , 
15-04-2018 15:15,12/04/2018,/images/azul1.jpg,Igual,Peruana de Moldeados,PAMOLC1,INDUSTRIALES,RV2,S/, , , , , , , , , , 
15-04-2018 15:15,12/04/2018,/images/azul1.jpg,Igual,Paramonga,PARAMOC1,AGRARIO,RV1,S/,10.00,19/03/2018, , , , , , , , 
15-04-2018 15:15,12/04/2018,/images/azul1.jpg,Igual,Peruana de Energía,PERENAC1,SERVICIOS PUBLICOS,RV2,S/, , , , , , , , , , 
15-04-2018 15:15,12/04/2018,/images/azul1.jpg,Igual,Peruana de Energía,PERENBC1,SERVICIOS PUBLICOS,RV2,S/,14.00,14/02/2018, , , , ,14.00, , , 
15-04-2018 15:15,12/04/2018,/images/azul1.jpg,Igual,Perubar,PERUBAI1,MINERAS,RV1,S/,4.19,10/04/2018, , , , ,4.18, , , 
15-04-2018 15:15,12/04/2018,/images/azul1.jpg,Igual,Petroperú,PETROBC1,INDUSTRIALES,RV2,S/, , , , , , , , , , 
15-04-2018 15:15,12/04/2018,/images/azul1.jpg,Igual,Pfizer Inc.,PFE, ,RV3,US$,34.72,12/09/2017, , , , , , , , 
15-04-2018 15:15,12/04/2018,/images/azul1.jpg,Igual,iShares US Preferred Stock ETF,PFF, ,RV3,US$,39.30,28/06/2017, , , , , , , , 
15-04-2018 15:15,12/04/2018,/images/azul1.jpg,Igual,The Procter & Gamble Company,PG, ,RV3,US$,86.30,23/05/2017, , , , , , , , 
15-04-2018 15:15,12/04/2018,/images/azul1.jpg,Igual,Peru Hold. de Turismo,PHTBC1,DIVERSAS,RV2,S/,0.056,29/12/2017, , , , ,0.056, , , 
15-04-2018 15:15,12/04/2018,/images/azul1.jpg,Igual,Industria Textil Piura,PIURAC1,INDUSTRIALES,RV2,S/,0.200,24/05/2017, , , , ,0.170, , , 
15-04-2018 15:15,12/04/2018,/images/azul1.jpg,Igual,Industria Textil Piura,PIURAI1,INDUSTRIALES,RV2,S/,0.390,01/12/2017, , , , ,0.350, , , 
15-04-2018 15:15,12/04/2018,/images/azul1.jpg,Igual,Panoro Minerals Ltd.,PML,MINERAS,RV3,US$,0.265,11/04/2018,0.268,0.265,0.00,0.250,0.270,"56,900",4,"15,133"
15-04-2018 15:15,12/04/2018,/images/azul1.jpg,Igual,Poderosa,PODERC1,MINERAS,RV1,S/,7.34,15/03/2018, , , ,7.50, , , , 
15-04-2018 15:15,12/04/2018,/images/azul1.jpg,Igual,Emp. Agro. Pomalca,POMALCC1,AGRARIO,RV1,S/,0.130,27/03/2018, , , ,0.128,0.129,"37,250",3,"4,742"
15-04-2018 15:15,12/04/2018,/images/azul1.jpg,Igual,Los Portales,PORTAC1,DIVERSAS,RV2,S/, , , , , , , , , , 
15-04-2018 15:15,12/04/2018,/images/azul1.jpg,Igual,La Positiva,POSITIC1,SEGUROS,RV1,S/,1.85,05/04/2018, , , ,1.82,2.00, , , 
15-04-2018 15:15,12/04/2018,/images/azul1.jpg,Igual,La Positiva Vida,POSITVC1,SEGUROS,RV2,S/, , , , , , , , , , 
15-04-2018 15:15,12/04/2018,/images/azul1.jpg,Igual,PPX Mining Corp.,PPX,MINERAS,RV3,US$,0.070,11/04/2018,0.070,0.070,0.00,0.070,0.072,"672,465",20,"47,073"
15-04-2018 15:15,12/04/2018,/images/azul1.jpg,Igual,Prima AFP,PRIMAC1,ADMINISTRADORAS DE FONDOS DE PENSIONES,RV2,S/, , , , , , , , , , 
15-04-2018 15:15,12/04/2018,/images/azul1.jpg,Igual,Profuturo A.F.P.,PROFUTC1,ADMINISTRADORAS DE FONDOS DE PENSIONES,RV2,S/,20.94,28/04/2017, , , , , , , , 
15-04-2018 15:15,12/04/2018,/images/azul1.jpg,Igual,Protecta Cía de Seg.,PROTECC1,SEGUROS,RV2,S/, , , , , , , , , , 
15-04-2018 15:15,12/04/2018,/images/azul1.jpg,Igual,AGRO PUCALA S.A.A.,PUCALAC1,AGRARIO,RV2,S/,0.56,19/09/2017, , , ,0.340, , , , 
15-04-2018 15:15,12/04/2018,/images/azul1.jpg,Igual,PVT Portafolio de Valores,PVTBC1,DIVERSAS,RV2,S/, , , , , , , , , , 
15-04-2018 15:15,12/04/2018,/images/azul1.jpg,Igual,Financiera Qapaq,QAPAQC1,BANCOS Y FINANCIERAS,RV2,S/, , , , , , , , , , 
15-04-2018 15:15,12/04/2018,/images/azul1.jpg,Igual,PowerShares QQQ Trust,QQQ, ,RV3,US$,161.05,10/04/2018, , , , , , , , 
15-04-2018 15:15,12/04/2018,/images/azul1.jpg,Igual,Quimpac,QUIMPAC1,INDUSTRIALES,RV1,S/,1.53,05/03/2018, , , ,1.55, , , , 
15-04-2018 15:15,12/04/2018,/images/azul1.jpg,Igual,Quimpac,QUIMPAI1,INDUSTRIALES,RV2,S/,1.47,05/04/2018, , , ,1.46, , , , 
15-04-2018 15:15,12/04/2018,/images/flecha_verde-b.gif,Al alza,Red Eagle Mining,R,MINERAS,RV3,US$,0.209,11/04/2018,0.220,0.218,4.31,0.206,0.220,"200,000",4,"43,716"
15-04-2018 15:15,12/04/2018,/images/azul1.jpg,Igual,Rayon Industrial,RAYONI1,INDUSTRIALES,RV2,S/, , , , , , , , , , 
15-04-2018 15:15,12/04/2018,/images/azul1.jpg,Igual,RBC,RBCAC1,DIVERSAS,RV2,S/, , , , , , , , , , 
15-04-2018 15:15,12/04/2018,/images/azul1.jpg,Igual,RBC,RBCBC1,DIVERSAS,RV2,S/, , , , , , , , , , 
15-04-2018 15:15,12/04/2018,/images/azul1.jpg,Igual,Record,RECORDI1,INDUSTRIALES,RV1,S/,0.90,05/03/2018, , , , , , , , 
15-04-2018 15:15,12/04/2018,/images/azul1.jpg,Igual,Regulus Resources,REG,MINERAS,RV3,US$,1.32,07/12/2017, , , , , , , , 
15-04-2018 15:15,12/04/2018,/images/azul1.jpg,Igual,Refineria La Pampilla,RELAPAC1,INDUSTRIALES,RV1,S/,0.305,11/04/2018,0.305,0.305,0.00,0.298,0.310,"22,000",1,"6,710"
15-04-2018 15:15,12/04/2018,/images/azul1.jpg,Igual,Rigel Peru,RIGELC1,SEGUROS,RV2,S/,0.69,01/09/2017, , , , , , , , 
15-04-2018 15:15,12/04/2018,/images/azul1.jpg,Igual,Rímac Seguros y Reaseg.,RIMSEGC1,SEGUROS,RV1,S/,1.38,10/04/2018, , , ,1.35,1.42, , , 
15-04-2018 15:15,12/04/2018,/images/azul1.jpg,Igual,iSh MSCI Glob Gold Miners ETF,RING, ,RV3,US$, , , , , , , , , , 
15-04-2018 15:15,12/04/2018,/images/azul1.jpg,Igual,Saga Falabella,SAGAC1,DIVERSAS,RV2,S/,8.00,28/02/2018, , , , ,7.79, , , 
15-04-2018 15:15,12/04/2018,/images/azul1.jpg,Igual,Banco Santander Perú,SANC1,BANCOS Y FINANCIERAS,RV2,S/, , , , , , , , , , 
15-04-2018 15:15,12/04/2018,/images/azul1.jpg,Igual,San Gabán,SANGABC1,SERVICIOS PUBLICOS,RV2,S/, , , , , , , , , , 
15-04-2018 15:15,12/04/2018,/images/azul1.jpg,Igual,Hil. y Tej. San Miguel,SANMIGI1,INDUSTRIALES,RV2,S/, , , , , , , , , , 
15-04-2018 15:15,12/04/2018,/images/azul1.jpg,Igual,Serv. Generales Saturno,SATURNC1,DIVERSAS,RV2,S/, , , , , , , , , , 
15-04-2018 15:15,12/04/2018,/images/flecha_verde-b.gif,Al alza,Southern Copper Corp.,SCCO,MINERAS,RV3,US$,55.99,11/04/2018,56.14,56.13,0.25, ,58.00,"1,381",4,"77,469"
15-04-2018 15:15,12/04/2018,/images/azul1.jpg,Igual,Scotiabank Perú,SCOTIAC1,BANCOS Y FINANCIERAS,RV1,S/,35.80,10/04/2018, , , , ,35.80, , , 
15-04-2018 15:15,12/04/2018,/images/azul1.jpg,Igual,iSh$ShortDtionCorpBondUcitsETF,SDIA, ,RV3,US$, , , , , , , , , , 
15-04-2018 15:15,12/04/2018,/images/azul1.jpg,Igual,SEAL,SEALDC1,SERVICIOS PUBLICOS,RV2,S/,0.117,15/09/2015, , , , , , , , 
15-04-2018 15:15,12/04/2018,/images/azul1.jpg,Igual,Secrex,SECREXC1,SEGUROS,RV2,S/, , , , , , , , , , 
15-04-2018 15:15,12/04/2018,/images/azul1.jpg,Igual,Sedapal,SEDAPBC1,SERVICIOS PUBLICOS,RV2,S/, , , , , , , , , , 
15-04-2018 15:15,12/04/2018,/images/azul1.jpg,Igual,Seguros Sura,SGSURAC1,SEGUROS,RV2,S/,2.18,02/11/2017, , , , , , , , 
15-04-2018 15:15,12/04/2018,/images/azul1.jpg,Igual,SHOUGESA,SHOUGEC1,SERVICIOS PUBLICOS,RV2,S/,0.87,16/02/2017, , , , , , , , 
15-04-2018 15:15,12/04/2018,/images/azul1.jpg,Igual,Shougang Hierro Perú,SHPC1,MINERAS,RV2,S/,5.30,12/01/2018, , , ,5.30, , , , 
15-04-2018 15:15,12/04/2018,/images/azul1.jpg,Igual,iSh 1-3 Year Treasury Bond ETF,SHY, ,RV3,US$,83.11,07/03/2018, , , , , , , , 
15-04-2018 15:15,12/04/2018,/images/azul1.jpg,Igual,SIAM en Liquidación,SIAMI1,INDUSTRIALES,RV2,S/,0.60,19/12/2016, , , , , , , , 
15-04-2018 15:15,12/04/2018,/images/flecha_roja-b.gif,A la baja,SIDERPERU,SIDERC1,INDUSTRIALES,RV1,S/,0.56,11/04/2018,0.56,0.55,-1.79,0.54,0.55,"145,000",9,"80,300"
15-04-2018 15:15,12/04/2018,/images/azul1.jpg,Igual,Global X Silver Miners ETF,SIL, ,RV3,US$,37.44,12/04/2017, , , , , , , , 
15-04-2018 15:15,12/04/2018,/images/azul1.jpg,Igual,Sintuco,SINTUC1,AGRARIO,RV1,S/,4.50,19/03/2018, , , ,4.00, , , , 
15-04-2018 15:15,12/04/2018,/images/azul1.jpg,Igual,SPDR Barclay 0-5Y Hgh Yld Bond,SJNK, ,RV3,US$,47.71,23/01/2018, , , , , , , , 
15-04-2018 15:15,12/04/2018,/images/azul1.jpg,Igual,iShares Silver Trust,SLV, ,RV3,US$,15.40,08/02/2018, , , , , , , , 
15-04-2018 15:15,12/04/2018,/images/azul1.jpg,Igual,Sierra Metals Inc.,SMT,MINERAS,RV3,US$,2.52,16/03/2018, , , , , , , , 
15-04-2018 15:15,12/04/2018,/images/azul1.jpg,Igual,Textil San Cristobal,SNCRISC1,INDUSTRIALES,RV2,S/, , , , , , , , , , 
15-04-2018 15:15,12/04/2018,/images/azul1.jpg,Igual,San Jacinto,SNJACIC1,AGRARIO,RV2,S/,4.40,31/01/2018, , , , ,4.40, , , 
15-04-2018 15:15,12/04/2018,/images/azul1.jpg,Igual,Cervecería San Juan,SNJUANC1,INDUSTRIALES,RV1,S/,28.76,10/04/2018, , , , , , , , 
15-04-2018 15:15,12/04/2018,/images/azul1.jpg,Igual,Cervecería San Juan,SNJUANI1,INDUSTRIALES,RV2,S/,28.51,06/04/2018,28.51,28.51,0.00,28.51, ,226,1,"6,443"
15-04-2018 15:15,12/04/2018,/images/azul1.jpg,Igual,Solución EAH,SOLUCIC1,DIVERSAS,RV2,S/, , , , , , , , , , 
15-04-2018 15:15,12/04/2018,/images/azul1.jpg,Igual,SPCC - Suc. Perú,SPCCPI1,MINERAS,RV1,S/,32.95,27/03/2018, , , , ,32.95, , , 
15-04-2018 15:15,12/04/2018,/images/azul1.jpg,Igual,SPCC - Suc. Perú,SPCCPI2,MINERAS,RV2,S/,32.73,09/11/2017, , , , ,32.50, , , 
15-04-2018 15:15,12/04/2018,/images/flecha_verde-b.gif,Al alza,Standard & Poors DR Trust S I,SPY, ,RV3,US$,265.87,10/04/2018,264.30,266.40,0.20, , ,962,4,"255,428"
15-04-2018 15:15,12/04/2018,/images/azul1.jpg,Igual,Supermercados Peruanos,SUPERC1,DIVERSAS,RV2,S/, , , , , , , , , , 
15-04-2018 15:15,12/04/2018,/images/azul1.jpg,Igual,Termochilca,TCHILAC1,SERVICIOS PUBLICOS,RV2,S/, , , , , , , , , , 
15-04-2018 15:15,12/04/2018,/images/azul1.jpg,Igual,Termochilca,TCHILBC1,SERVICIOS PUBLICOS,RV2,S/, , , , , , , , , , 
15-04-2018 15:15,12/04/2018,/images/azul1.jpg,Igual,Termochilca,TCHILCC1,SERVICIOS PUBLICOS,RV2,S/, , , , , , , , , , 
15-04-2018 15:15,12/04/2018,/images/azul1.jpg,Igual,Termochilca,TCHILDC1,SERVICIOS PUBLICOS,RV2,S/, , , , , , , , , , 
15-04-2018 15:15,12/04/2018,/images/azul1.jpg,Igual,Termochilca,TCHILEC1,SERVICIOS PUBLICOS,RV2,S/, , , , , , , , , , 
15-04-2018 15:15,12/04/2018,/images/flecha_roja-b.gif,A la baja,"Telefónica, S.A.",TEF,SERVICIOS PUBLICOS,RV3,US$,10.01,11/04/2018,9.87,9.87,-1.40, ,9.87,188,1,"1,856"
15-04-2018 15:15,12/04/2018,/images/azul1.jpg,Igual,Telecable Sig. 21,TELCAAC1,SERVICIOS PUBLICOS,RV2,S/, , , , , , , , , , 
15-04-2018 15:15,12/04/2018,/images/azul1.jpg,Igual,Telecable Sig. 21,TELCABC1,SERVICIOS PUBLICOS,RV2,S/, , , , , , , , , , 
15-04-2018 15:15,12/04/2018,/images/flecha_verde-b.gif,Al alza,Telefónica del Perú,TELEFBC1,SERVICIOS PUBLICOS,RV1,S/,1.40,11/04/2018,1.40,1.43,2.14,1.32,1.45,"19,233",3,"27,097"
15-04-2018 15:15,12/04/2018,/images/azul1.jpg,Igual,Telefónica del Perú,TELEFCC1,SERVICIOS PUBLICOS,RV2,S/,1.75,27/10/2017, , , , , , , , 
15-04-2018 15:15,12/04/2018,/images/azul1.jpg,Igual,iShares TIPS Bond ETF,TIP, ,RV3,US$,112.53,27/03/2018, , , , , , , , 
15-04-2018 15:15,12/04/2018,/images/azul1.jpg,Igual,Tinka Resources,TK,MINERAS,RV3,US$,0.350,04/04/2018, , , , ,0.420, , , 
15-04-2018 15:15,12/04/2018,/images/azul1.jpg,Igual,iSh 10-20 Year Treas Bond ETF,TLH, ,RV3,US$,129.70,06/03/2018, , , , , , , , 
15-04-2018 15:15,12/04/2018,/images/azul1.jpg,Igual,Tradi,TRADIC1,DIVERSAS,RV2,S/,0.240,31/10/2016, , , , , , , , 
15-04-2018 15:15,12/04/2018,/images/azul1.jpg,Igual,Transac. Financieras,TRANFIC1,DIVERSAS,RV2,S/, , , , , , , , , , 
15-04-2018 15:15,12/04/2018,/images/azul1.jpg,Igual,"Tesla, Inc.",TSLA, ,RV3,US$,306.98,11/04/2018, , , , , , , , 
15-04-2018 15:15,12/04/2018,/images/azul1.jpg,Igual,Emp. Agroind. Tumán,TUMANC1,AGRARIO,RV2,S/,0.63,12/12/2017, , , ,0.410,0.60, , , 
15-04-2018 15:15,12/04/2018,/images/flecha_roja-b.gif,A la baja,Trevali Mining Corporatio,TV,MINERAS,RV3,US$,0.99,11/04/2018,0.96,0.96,-3.03,0.96,1.05,"367,500",47,"352,389"
15-04-2018 15:15,12/04/2018,/images/azul1.jpg,Igual,"Twitter, Inc.",TWTR, ,RV3,US$, , , , , , , , , , 
15-04-2018 15:15,12/04/2018,/images/flecha_verde-b.gif,Al alza,UNACEM,UNACEMC1,INDUSTRIALES,RV1,S/,2.87,11/04/2018,2.87,2.90,1.05,2.89,2.90,"25,813",9,"74,527"
15-04-2018 15:15,12/04/2018,/images/azul1.jpg,Igual,Universal Textil,UNITEXC1,INDUSTRIALES,RV2,S/, , , , , , , , , , 
15-04-2018 15:15,12/04/2018,/images/azul1.jpg,Igual,Universal Textil,UNITEXI1,INDUSTRIALES,RV1,S/,0.130,16/03/2018, , , , , , , , 
15-04-2018 15:15,12/04/2018,/images/azul1.jpg,Igual,VISA INC,V, ,RV3,US$,120.00,11/04/2018, , , , , , , , 
15-04-2018 15:15,12/04/2018,/images/azul1.jpg,Igual,Seguros de Vida Camara,VIDCAMC1,SEGUROS,RV2,S/,1.13,08/06/2017, , , , , , , , 
15-04-2018 15:15,12/04/2018,/images/azul1.jpg,Igual,Volcan,VOLCAAC1,MINERAS,RV1,S/,3.59,11/04/2018,3.59,3.59,0.00, , ,"12,898",2,"46,304"
15-04-2018 15:15,12/04/2018,/images/flecha_roja-b.gif,A la baja,Volcan,VOLCABC1,MINERAS,RV1,S/,1.17,11/04/2018,1.16,1.15,-1.71,1.15,1.16,"1,920,012",68,"2,205,331"
15-04-2018 15:15,12/04/2018,/images/azul1.jpg,Igual,VERIZON Communications Inc.,VZ, ,RV3,US$,55.65,18/07/2016, , , , , , , , 
15-04-2018 15:15,12/04/2018,/images/azul1.jpg,Igual,Walmart Inc.,WMT, ,RV3,US$,97.88,29/11/2017, , , , , , , , 
15-04-2018 15:15,12/04/2018,/images/azul1.jpg,Igual,Energy Sel Sec SPDR Fund,XLE, ,RV3,US$,68.35,27/03/2018, , , , , , , , 
15-04-2018 15:15,12/04/2018,/images/azul1.jpg,Igual,Financial Select Sec SPDR ETF,XLF, ,RV3,US$,27.51,11/04/2018, , , , , , , , 
15-04-2018 15:15,12/04/2018,/images/azul1.jpg,Igual,Technology Selct Sec SPDR Fund,XLK, ,RV3,US$,64.95,09/04/2018, , , , , , , , 
15-04-2018 15:15,12/04/2018,/images/azul1.jpg,Igual,Real Est.Select Sect.SPDR Fund,XLRE, ,RV3,US$,32.35,19/04/2017, , , , , , , , 
15-04-2018 15:15,12/04/2018,/images/azul1.jpg,Igual,Health Care Sel Sect SPDR Fund,XLV, ,RV3,US$,81.99,06/02/2018, , , , , , , , 
15-04-2018 15:15,12/04/2018,/images/azul1.jpg,Igual,Consumer Discr Sel Sec SPDR Fd,XLY, ,RV3,US$,100.32,28/03/2018, , , , , , , , 
15-04-2018 15:15,12/04/2018,/images/azul1.jpg,Igual,Exxon Mobil Corporation,XOM, ,RV3,US$,77.58,10/04/2018, , , , , , , , 
